﻿<?xml version="1.0" encoding="utf-8" ?>
<recipes>
  <recipe name="Brownies">
    <ingredients>
      1/4 Cup cocoa
      1/4 Cup Butter
      1/4 Cup applesauce
      2 Tablespoons Sweet 10- Sweetener -- Liquid
      2 Tablespoons vanilla
      2 Eggs -- Beaten
      1 Cup flour
      1/2 Teaspoon salt
      1 1/2 Teaspoons baking soda
      1/4 Cup nuts -- chopped
    </ingredients>
    <directions>
      Sift cocoa, flour, salt and baking soda and mix well.
      Add vanilla, sweetener, eggs. Stir until well-blended and
      add the dry ingredients. Mix until well-blended, stir
      in chopped nuts, pour into a greased 8" square pan.
      Level batter smoothly. Bake at 325 degrees for 20 minutes.
      Cut into 16 squares.
    </directions>
  </recipe>
  <recipe name="Tacos">
    <ingredients>
      1/3-brick low fat cream cheese
      1/2-cup marshmallow cream
      2-tbsp lemon juice.
      Cut up fresh strawberries, cut into quarters
      Fresh blueberries
      Fresh raspberries, cut in half
      Mission Carb Balance Soft Taco Shells
    </ingredients>
    <directions>
      Combine the first three ingredients and mix with a blender until smooth
      Heat a soft taco shell in microwave for 15-seconds, or until warm
      Spread 1-2 tbsp of the topping on the shell and add berries to taste.
      Roll up the soft taco shell and enjoy!
    </directions>
  </recipe>
  <recipe name="Chicken Vindaloo">
    <ingredients>
      3 chicken breasts
      splash lemon juice
      2 Tbsp white wine vinegar
      2 medium onions
      5 tsp garam masala
      1 tsp cumin
      1 tsp ground coriander
      1 tsp cayenne pepper
      ½ tsp mustard seeds
      ½ tsp ground cumin
      ½ tsp ground cinnamon
      ½ tsp chili powder
      pinch salt
      coriander leaves , to garnish
      1 Bowl
      1 Saucepan
      1 metal or wooden spoon
    </ingredients>
    <directions>
      Step 1: Make a Paste
      With the lemon juice, vinegar, onion, mustard seeds and spices, make a paste. 
      Add the chicken to the marinade and leave for at least 3 to 4 hours.

      Step 2: Fry the Onion and spices
      Fry the onion in oil until it has turned translucent, then add the garlic, ginger, spices, salt and stir.

      Step 3: Add the chicken
      Add the marinaded chicken and cook until the chicken is opaque in color.

      Step 4: Simmer
      Reduce and simmer for 20 minutes or until the Chicken is cooked, stirring constantly. 
      If needed, add more water to prevent the curry becoming too thick or dry.

      Step 5: Serve
      Serve hot with rice and garnished with the whole coriander leaves sprinkled over the top.
    </directions>
  </recipe>
  <recipe name="Elephant Stew">
    <ingredients>
      1 elephant (medium size)
      1 rabbit (optional)
      Salt and Pepper to taste
    </ingredients>
    <directions>
      Cut elephant into bite sized pieces; this takes about 2 months. 
      Add enough brown gravy to cover. Cook over kerosene fire at 465 degrees.       
      Serves 3800 persons. 
      
      For those who dislike elephant stew, the rabbit may be added -- 
      but only if necessary because most people don't like hare in their stew.
    </directions>
  </recipe>
</recipes>
