<?xml version="1.0" encoding="UTF-8"?><?xml-stylesheet type='text/xsl' href='_UpgradeReport_Files/UpgradeReport.xslt'?><UpgradeLog>
<Properties><Property Name="Solution" Value="MVC Demo CS">
</Property><Property Name="Solution File" Value="B:\Documents\Presentations\Model View Presenter\Demo\CS Demo\MVC Demo CS.sln">
</Property><Property Name="Date" Value="Monday, February 25, 2008">
</Property><Property Name="Time" Value="8:54:42 AM">
</Property></Properties><Event ErrorLevel="0" Project="Attendee.BusinessLayer_CS" Source="Attendee.BusinessLayer_CS\Attendee.BusinessLayer_CS.csproj" Description="Project file successfully backed up as B:\Documents\Presentations\Model View Presenter\Demo\CS Demo\Backup\Attendee.BusinessLayer_CS.csproj">
</Event><Event ErrorLevel="0" Project="Attendee.BusinessLayer_CS" Source="Attendee.BusinessLayer_CS\Attendee.cs" Description="File successfully backed up as B:\Documents\Presentations\Model View Presenter\Demo\CS Demo\Backup\Attendee.cs">
</Event><Event ErrorLevel="0" Project="Attendee.BusinessLayer_CS" Source="Attendee.BusinessLayer_CS\Properties\AssemblyInfo.cs" Description="File successfully backed up as B:\Documents\Presentations\Model View Presenter\Demo\CS Demo\Backup\Properties\AssemblyInfo.cs">
</Event><Event ErrorLevel="0" Project="Attendee.BusinessLayer_CS" Source="Attendee.BusinessLayer_CS\Attendee.BusinessLayer_CS.csproj" Description="Project converted successfully">
</Event><Event ErrorLevel="3" Project="Attendee.BusinessLayer_CS" Source="Attendee.BusinessLayer_CS\Attendee.BusinessLayer_CS.csproj" Description="Converted">
</Event><Event ErrorLevel="0" Project="Attendee.BusinessLayer_CS" Source="Attendee.BusinessLayer_CS\Attendee.BusinessLayer_CS.csproj" Description="Scan complete: Upgrade not required for project files.">
</Event></UpgradeLog>