<?xml version="1.0" encoding="UTF-8"?><?xml-stylesheet type='text/xsl' href='_UpgradeReport_Files/UpgradeReport.xslt'?><UpgradeLog>
<Properties><Property Name="Solution" Value="MVC Demo VB">
</Property><Property Name="Solution File" Value="B:\Documents\Presentations\Model View Controller\Demo\VB Demo\MVC Demo VB.sln">
</Property><Property Name="Date" Value="Tuesday, February 05, 2008">
</Property><Property Name="Time" Value="10:47:49 AM">
</Property></Properties><Event ErrorLevel="0" Project="Attendee.BusinessLayer_VB" Source="Attendee.Busineslayer_VB\Attendee.BusinessLayer_VB.vbproj" Description="Project file successfully backed up as B:\Documents\Presentations\Model View Controller\Demo\VB Demo\Backup\Attendee.BusinessLayer_VB.vbproj">
</Event><Event ErrorLevel="0" Project="Attendee.BusinessLayer_VB" Source="Attendee.Busineslayer_VB\Attendee.vb" Description="File successfully backed up as B:\Documents\Presentations\Model View Controller\Demo\VB Demo\Backup\Attendee.vb">
</Event><Event ErrorLevel="0" Project="Attendee.BusinessLayer_VB" Source="Attendee.Busineslayer_VB\My Project\AssemblyInfo.vb" Description="File successfully backed up as B:\Documents\Presentations\Model View Controller\Demo\VB Demo\Backup\My Project\AssemblyInfo.vb">
</Event><Event ErrorLevel="0" Project="Attendee.BusinessLayer_VB" Source="Attendee.Busineslayer_VB\My Project\Application.Designer.vb" Description="File successfully backed up as B:\Documents\Presentations\Model View Controller\Demo\VB Demo\Backup\My Project\Application.Designer.vb">
</Event><Event ErrorLevel="0" Project="Attendee.BusinessLayer_VB" Source="Attendee.Busineslayer_VB\My Project\Resources.Designer.vb" Description="File successfully backed up as B:\Documents\Presentations\Model View Controller\Demo\VB Demo\Backup\My Project\Resources.Designer.vb">
</Event><Event ErrorLevel="0" Project="Attendee.BusinessLayer_VB" Source="Attendee.Busineslayer_VB\My Project\Settings.Designer.vb" Description="File successfully backed up as B:\Documents\Presentations\Model View Controller\Demo\VB Demo\Backup\My Project\Settings.Designer.vb">
</Event><Event ErrorLevel="0" Project="Attendee.BusinessLayer_VB" Source="Attendee.Busineslayer_VB\My Project\Application.myapp" Description="File successfully backed up as B:\Documents\Presentations\Model View Controller\Demo\VB Demo\Backup\My Project\Application.myapp">
</Event><Event ErrorLevel="0" Project="Attendee.BusinessLayer_VB" Source="Attendee.Busineslayer_VB\My Project\Settings.settings" Description="File successfully backed up as B:\Documents\Presentations\Model View Controller\Demo\VB Demo\Backup\My Project\Settings.settings">
</Event><Event ErrorLevel="0" Project="Attendee.BusinessLayer_VB" Source="Attendee.Busineslayer_VB\My Project\Resources.resx" Description="File successfully backed up as B:\Documents\Presentations\Model View Controller\Demo\VB Demo\Backup\My Project\Resources.resx">
</Event><Event ErrorLevel="0" Project="Attendee.BusinessLayer_VB" Source="Attendee.Busineslayer_VB\Attendee.BusinessLayer_VB.vbproj" Description="Project converted successfully">
</Event><Event ErrorLevel="3" Project="Attendee.BusinessLayer_VB" Source="Attendee.Busineslayer_VB\Attendee.BusinessLayer_VB.vbproj" Description="Converted">
</Event><Event ErrorLevel="0" Project="Attendee.BusinessLayer_VB" Source="Attendee.Busineslayer_VB\Attendee.BusinessLayer_VB.vbproj" Description="Scan complete: Upgrade not required for project files.">
</Event></UpgradeLog>