<?xml version="1.0" encoding="UTF-8"?><?xml-stylesheet type='text/xsl' href='_UpgradeReport_Files/UpgradeReport.xslt'?><UpgradeLog>
<Properties><Property Name="Solution" Value="Supervision Controller Demo">
</Property><Property Name="Solution File" Value="B:\Documents\Projects\Supervising Controller Demo\Supervision Controller Demo.sln">
</Property><Property Name="Date" Value="Friday, December 28, 2007">
</Property><Property Name="Time" Value="9:09 AM">
</Property></Properties><Event ErrorLevel="0" Project="Attendee.PresentationLayer_VB" Source="Attendee.PresentationLayer_VB\Attendee.PresentationLayer_VB.vbproj" Description="Project converted successfully">
</Event><Event ErrorLevel="3" Project="Attendee.PresentationLayer_VB" Source="Attendee.PresentationLayer_VB\Attendee.PresentationLayer_VB.vbproj" Description="Converted">
</Event><Event ErrorLevel="0" Project="Attendee.PresentationLayer_CS" Source="Attendee.PresentationLayer_CS\Attendee.PresentationLayer_CS.csproj" Description="Project converted successfully">
</Event><Event ErrorLevel="3" Project="Attendee.PresentationLayer_CS" Source="Attendee.PresentationLayer_CS\Attendee.PresentationLayer_CS.csproj" Description="Converted">
</Event><Event ErrorLevel="0" Project="Attendee.Web_CS" Source="Attendee.Web_CS\Attendee.Web_CS.csproj" Description="Project converted successfully">
</Event><Event ErrorLevel="3" Project="Attendee.Web_CS" Source="Attendee.Web_CS\Attendee.Web_CS.csproj" Description="Converted">
</Event><Event ErrorLevel="0" Project="Attendee.Windows_VB" Source="Attendee.Windows_VB\Attendee.Windows_VB.vbproj" Description="Project converted successfully">
</Event><Event ErrorLevel="3" Project="Attendee.Windows_VB" Source="Attendee.Windows_VB\Attendee.Windows_VB.vbproj" Description="Converted">
</Event><Event ErrorLevel="0" Project="Attendee.Web_VB" Source="Attendee.Web_VB\Attendee.Web_VB.vbproj" Description="Project converted successfully">
</Event><Event ErrorLevel="3" Project="Attendee.Web_VB" Source="Attendee.Web_VB\Attendee.Web_VB.vbproj" Description="Converted">
</Event><Event ErrorLevel="0" Project="Attendee.Windows_CS" Source="Attendee.Windows_CS\Attendee.Windows_CS.csproj" Description="Project converted successfully">
</Event><Event ErrorLevel="3" Project="Attendee.Windows_CS" Source="Attendee.Windows_CS\Attendee.Windows_CS.csproj" Description="Converted">
</Event><Event ErrorLevel="0" Project="" Source="Supervision Controller Demo.sln" Description="Solution converted successfully">
</Event><Event ErrorLevel="3" Project="" Source="Supervision Controller Demo.sln" Description="Converted">
</Event><Event ErrorLevel="0" Project="Attendee.PresentationLayer_VB" Source="Attendee.PresentationLayer_VB\Attendee.PresentationLayer_VB.vbproj" Description="Scan complete: Upgrade not required for project files.">
</Event><Event ErrorLevel="0" Project="Attendee.Windows_VB" Source="Attendee.Windows_VB\Attendee.Windows_VB.vbproj" Description="Scan complete: Upgrade not required for project files.">
</Event><Event ErrorLevel="0" Project="Attendee.Web_VB" Source="Attendee.Web_VB\Attendee.Web_VB.vbproj" Description="Scan complete: Upgrade not required for project files.">
</Event><Event ErrorLevel="0" Project="Attendee.PresentationLayer_CS" Source="Attendee.PresentationLayer_CS\Attendee.PresentationLayer_CS.csproj" Description="Scan complete: Upgrade not required for project files.">
</Event><Event ErrorLevel="0" Project="Attendee.Web_CS" Source="Attendee.Web_CS\Attendee.Web_CS.csproj" Description="Scan complete: Upgrade not required for project files.">
</Event><Event ErrorLevel="0" Project="Attendee.Windows_CS" Source="Attendee.Windows_CS\Attendee.Windows_CS.csproj" Description="Scan complete: Upgrade not required for project files.">
</Event></UpgradeLog>